{"train/loss": 0.6493, "train/grad_norm": 4.044798374176025, "train/learning_rate": 0.0, "train/epoch": 393.84615384615387, "train/global_step": 10000, "_timestamp": 1734285658.9252224, "_runtime": 282386.9379644394, "_step": 1000, "train_runtime": 282383.631, "train_samples_per_second": 9.066, "train_steps_per_second": 0.035, "total_flos": 1.6330135397264785e+19, "train_loss": 1.0051360545158385, "_wandb": {"runtime": 282386}}